station/location;date;gre000m0;hto000m0;nto000m0;prestam0;rre150m0;sre000m0;tre200m0;tre200mn;tre200mx;ure200m0
SIO;19530701;-;-;-;960.7;-;-;-;6;30.8;-
SIO;19530801;-;-;-;963;-;-;-;5.5;30.5;-
SIO;19530901;-;-;-;961.3;-;-;-;4;28.8;-
SIO;19531001;-;-;-;962;-;-;-;-1.4;22;-
SIO;19531101;-;-;-;968.8;-;-;-;-5.5;14.8;-
SIO;19531201;-;-;-;966.1;-;-;-;-11;14.5;-
SIO;19540101;-;-;-;959.9;-;-;-;-14.2;10;-
SIO;19540201;-;-;-;954.1;-;-;-;-12.5;13;-
SIO;19540301;-;-;-;954.3;-;-;-;-4.5;20.2;-
SIO;19540401;-;-;-;960;-;-;-;-2.1;21;-
SIO;19540501;-;-;-;957.1;-;-;-;-1;28.5;-
SIO;19540601;-;-;-;959.2;-;-;-;4;31.2;-
SIO;19540701;-;-;-;959.7;-;-;-;2.6;29.8;-
SIO;19540801;-;-;-;958.9;-;-;-;4.9;31;-
SIO;19540901;-;-;-;963.2;-;-;-;-0.5;28.2;-
SIO;19541001;-;-;-;964.1;-;-;-;-1.2;21;-
SIO;19541101;-;-;-;960.7;-;-;-;-8.8;16.6;-
SIO;19541201;-;-;-;962.1;-;-;-;-7.4;11.4;-
SIO;19550101;-;-;-;955.3;-;-;-;-11.5;15.6;-
SIO;19550201;-;-;-;949.9;-;-;-;-11.5;15;-
SIO;19550301;-;-;-;956.2;-;-;-;-10.8;21.5;-
SIO;19550401;-;-;-;962.8;-;-;-;-4;26.4;-
SIO;19550501;-;-;-;960.8;-;-;-;-0.2;29;-
SIO;19550601;-;-;-;960.3;-;-;-;2;29.4;-
SIO;19550701;-;-;-;960;-;-;-;4.8;31.5;-
SIO;19550801;-;-;-;961.5;-;-;-;4.2;28.4;-
SIO;19550901;-;-;-;961.8;-;-;-;0.1;24.6;-
SIO;19551001;-;-;-;959.8;-;-;-;-4.8;18.8;-
SIO;19551101;-;-;-;962.7;-;-;-;-12.3;20.7;-
SIO;19551201;-;-;-;959.8;-;-;-;-7.3;12.6;-
SIO;19560101;-;-;-;959.4;-;-;-;-14;9.5;-
SIO;19560201;-;-;-;956.6;-;-;-;-17;10.7;-
SIO;19560301;-;-;-;959.1;-;-;-;-7.5;20.2;-
SIO;19560401;-;-;-;954.6;-;-;-;-6.8;21.5;-
SIO;19560501;-;-;-;963.4;-;-;-;0.8;31.7;-
SIO;19560601;-;-;-;961.7;-;-;-;1.5;27.3;-
SIO;19560701;-;-;-;960.7;-;-;-;7.3;29.5;-
SIO;19560801;-;-;-;958.9;-;-;-;3.5;29.6;-
SIO;19560901;-;-;-;962.4;-;-;-;6.4;26.5;-
SIO;19561001;-;-;-;965.3;-;-;-;-2.6;23.5;-
SIO;19561101;-;-;-;961.8;-;-;-;-9.2;15.4;-
SIO;19561201;-;-;-;967.1;-;-;-;-13;10.3;-
SIO;19570101;-;-;-;966.6;-;-;-;-16.6;9.2;-
SIO;19570201;-;-;-;958.3;-;-;-;-7;16.8;-
SIO;19570301;-;-;-;960.6;-;-;-;-4.2;22.6;-
SIO;19570401;-;-;-;958.6;-;-;-;-4.5;23.4;-
SIO;19570501;-;-;-;957;-;-;-;-2.3;25;-
SIO;19570601;-;-;-;960.7;-;-;-;5;32;-
SIO;19570701;-;-;-;960.6;-;-;-;6.5;34.4;-
SIO;19570801;-;-;-;960.5;-;-;-;5;30.6;-
SIO;19570901;-;-;-;961.4;-;-;-;0.2;27.4;-
SIO;19571001;-;-;-;963.1;-;-;-;0;22.3;-
SIO;19571101;-;-;-;961.2;-;-;-;-7.4;18;-
SIO;19571201;-;-;-;960.1;-;-;-;-10;13.4;-
SIO;19580101;-;-;53;959.9;59;-;-1.9;-14.9;10.6;-
SIO;19580201;-;-;69;959.5;139.4;-;2.9;-9.5;17.5;-
SIO;19580301;-;-;64;953.2;20.6;-;3.2;-6.2;19;-
SIO;19580401;-;-;60;956.8;4.2;-;7.7;-3.4;22.5;-
SIO;19580501;-;-;65;961.1;18.6;-;15.8;3;31;-
SIO;19580601;-;-;64;958.4;49.8;-;16.1;5.4;28;-
SIO;19580701;-;-;58;960;54.7;-;18.9;8.5;32.6;-
SIO;19580801;-;-;55;959.6;37.7;-;18.6;8;34;-
SIO;19580901;-;-;50;962.4;46.8;-;16.3;3.9;27.8;-
SIO;19581001;-;-;61;965.1;47.8;-;8.4;-2.7;22;-
SIO;19581101;-;-;76;962.3;30.7;-;3.4;-4.8;13.4;-
SIO;19581201;-;-;65;953.9;75.9;-;1.2;-11.2;12;-
SIO;19590101;-;-;61.3;960;80.1;-;-0.7;-11.5;10;81.7
SIO;19590201;-;-;18.8;972.3;0.2;-;2.7;-9.2;16;75.2
SIO;19590301;-;-;63.8;959;15.9;-;8.6;-3;21.2;68
SIO;19590401;-;-;51.3;955.6;71.9;-;10.2;-2.6;25.6;68.9
SIO;19590501;-;-;52.5;957.3;21.6;-;14.5;1.5;27;67.3
SIO;19590601;-;-;61.3;961.7;55.1;-;17.7;3.2;30.6;70.2
SIO;19590701;-;-;41.3;961.2;50.4;-;20.1;9.6;32;69.8
SIO;19590801;-;-;45;960.9;59.7;-;18.3;5.5;30.2;74.3
SIO;19590901;-;-;52.5;961.8;25.7;-;16.3;6.5;27.5;78.2
SIO;19591001;-;-;40;962.6;50.9;-;8.9;-1.2;21.6;81.1
SIO;19591101;-;-;50;958.8;16.3;-;3.2;-6.7;14.6;80.6
SIO;19591201;-;-;68.8;954.3;155.3;-;1.9;-9;11.6;83.9
SIO;19600101;-;-;56.3;959.7;33.1;-;-0.2;-13.6;14.6;79.1
SIO;19600201;-;-;61.3;956.1;89.7;-;2.7;-9.8;18.6;76.7
SIO;19600301;-;-;56.3;954.7;27.6;-;7.5;-2.4;19.4;66.8
SIO;19600401;-;-;52.5;959;2.7;-;10;0.2;22.8;64.2
SIO;19600501;-;-;47.5;959.7;51.9;-;15.1;-0.2;30.6;65.7
SIO;19600601;-;-;51.3;961.7;55.6;-;18;5.2;30.4;69.6
SIO;19600701;-;-;61.3;960;90.6;-;16.8;5.8;27.6;71.7
SIO;19600801;-;-;55;959.2;97.7;-;16.8;6;30.8;74.3
SIO;19600901;-;-;58.8;959.5;79.3;-;13;3.6;25.2;80.5
SIO;19601001;-;-;65;953.8;63.4;-;9.3;-2.7;23.6;77.1
SIO;19601101;-;-;65;958;86.1;-;5.2;-1.8;16.3;81.7
SIO;19601201;-;-;65;954.3;18.9;-;0;-10.4;9.8;82.4
SIO;19610101;-;-;66.3;960.1;77.4;-;-1.2;-13;7.8;88
SIO;19610201;-;-;52.5;968.3;70.6;-;4.7;-4;19.9;74.8
SIO;19610301;-;-;26.3;968.1;2.3;-;7;-4.2;22.6;65.1
SIO;19610401;-;-;62.5;955.5;52.7;-;12;1.6;25.6;70.3
SIO;19610501;-;-;58.8;958.2;20.8;-;12.7;0;27;66.6
SIO;19610601;-;-;51.3;960.5;41.4;-;17.8;6.8;31;68.2
SIO;19610701;-;-;50;960.9;58.7;-;17.6;7.2;31.2;67.5
SIO;19610801;-;-;40;963.3;40.1;-;17.4;5;31.6;70
SIO;19610901;-;-;42.5;963;27.1;-;17.6;6;30.7;71.2
SIO;19611001;-;-;48.8;960;67.1;-;9.7;-2.4;23.4;80.5
SIO;19611101;-;-;50;956.6;25.6;-;3.4;-6;15.2;79.1
SIO;19611201;-;-;57.5;959.1;132.4;-;1.2;-9.5;13.2;83.9
SIO;19620101;-;-;64;963.4;126.4;-;0.5;-11;9.7;82.3
SIO;19620201;-;-;54;963.6;49.3;-;0.7;-10.6;11;73.5
SIO;19620301;-;-;56;952.3;75;-;3;-8.4;15.7;65.8
SIO;19620401;-;-;54;958.3;30.4;-;9.6;-2.4;26;57.7
SIO;19620501;-;-;59;959.3;29.5;-;12.5;-1.2;29.6;63.4
SIO;19620601;-;-;44;962.5;30.6;-;17.2;3;32.7;58.2
SIO;19620701;-;-;48;960.4;17.4;-;18.5;4.6;34;62.4
SIO;19620801;-;-;31;961.8;16;-;19.7;8;33.4;61.3
SIO;19620901;-;-;41;960.4;20.5;-;14.9;0.8;31.2;69.5
SIO;19621001;-;-;34;962.9;6.6;-;9.6;-3.4;24.8;77.8
SIO;19621101;-;-;56;956.1;32.9;-;2.8;-8.5;19.4;78.2
SIO;19621201;-;-;54;958.7;97.5;-;-3.5;-18;11;87.2
SIO;19630101;-;-;61;958.2;31.9;-;-4.7;-17;9.8;81.4
SIO;19630201;-;-;58;951;29.6;-;-2.6;-18.4;9.8;75.1
SIO;19630301;-;-;63;958.5;111.1;-;4;-9.2;16.4;70.7
SIO;19630401;-;-;64;954.3;15.4;-;10.7;-0.8;24.1;61.2
SIO;19630501;-;-;56;957.4;13.4;-;13.5;0;27;61.8
SIO;19630601;-;-;64;956.9;81;-;16.8;7.6;32.8;66.3
SIO;19630701;-;-;45;960.3;60.1;-;19.7;9.5;31.7;66.2
SIO;19630801;-;-;58;958;105.6;-;16.8;5.5;31.8;69.1
SIO;19630901;-;-;49;961.8;12.8;-;14.6;2.6;27;71
SIO;19631001;-;-;39;964.6;40.4;-;9.2;-2.2;21.4;73.7
SIO;19631101;-;-;64;956.8;88.8;-;6.2;-2.6;19.4;76.7
SIO;19631201;-;-;40;960.1;1.7;-;-2.2;-13.5;13;75.3
SIO;19640101;-;-;39;971.7;2.2;-;-3.9;-13.8;11.5;80.8
SIO;19640201;-;-;44;960;5.6;-;2.7;-10.6;19.6;65.3
SIO;19640301;-;-;74;954;38;-;5;-6;17.5;70.2
SIO;19640401;-;-;55;958.1;45.8;-;10.8;1;23.2;57.6
SIO;19640501;-;-;56;961.4;56.6;-;15.3;3.4;28.5;61.1
SIO;19640601;-;-;45;959.7;33.8;-;18.5;5.8;33.4;60.5
SIO;19640701;-;-;36;962.1;37.3;-;20.6;8.2;35.2;55.6
SIO;19640801;-;-;48;960;51.7;-;18.2;8.5;32;61.5
SIO;19640901;-;-;38;964.4;53.5;-;15.1;0.5;29.2;69.1
SIO;19641001;-;-;59;959.4;71.5;-;8;-2;22.6;75.1
SIO;19641101;-;-;59;963.4;50.6;-;4.3;-3.6;16.4;82.2
SIO;19641201;-;-;59;958.8;16.6;-;-1.3;-11.4;8.4;79.2
SIO;19650101;-;-;63;957.4;48.4;-;-0.3;-11;12.4;74.5
SIO;19650201;-;-;26;962.2;2.9;-;-1.9;-11.8;9.5;64.4
SIO;19650301;-;-;54;959.6;74.9;-;5.4;-8.8;21.2;62.7
SIO;19650401;-;-;64;955.7;29.8;-;8.6;-0.6;21.1;59.1
SIO;19650501;-;-;59;958.4;81.6;-;13.4;2;28.6;59.4
SIO;19650601;-;-;58;959.4;49.6;-;17.5;4.5;35.4;61.9
SIO;19650701;-;-;55;959.4;140.8;-;17.2;4;30.7;65.7
SIO;19650801;-;-;53;960.4;91.1;-;16.6;5.8;32.4;66
SIO;19650901;-;-;54;958.2;73.6;-;12.3;2.6;25;75.2
SIO;19651001;-;-;33;964.1;1.6;-;9.1;-1.6;23.4;81.3
SIO;19651101;-;-;75;954.9;129.8;-;3.9;-7;17.6;85.9
SIO;19651201;-;-;78;956.1;196.4;-;0.6;-8.4;8.7;90.1
SIO;19660101;-;-;53;957.9;56.5;-;-3;-20.4;11.4;84.8
SIO;19660201;-;-;69;954.3;99.9;-;5.5;-2.4;16.8;77
SIO;19660301;-;-;50;962.5;31.4;-;4.6;-5.3;16;71.6
SIO;19660401;-;-;58;955.2;59.5;-;10.8;-0.2;22;70.6
SIO;19660501;-;-;50;960.5;10.3;-;14.4;2.2;30.4;66.6
SIO;19660601;-;-;51;960;16.4;-;18.5;5.4;32.8;64.8
SIO;19660701;-;-;51;958.5;52;-;17.5;7.6;32.6;69.6
SIO;19660801;-;-;58;959.5;75.9;-;16.7;4.5;32.8;74.5
SIO;19660901;-;-;33;961.9;12.1;-;15.7;5;31.8;76.8
SIO;19661001;-;-;61;954.7;49.8;-;11.9;0.6;27.6;83.1
SIO;19661101;-;-;68;958.7;45;-;2.4;-7.5;17.2;79.6
SIO;19661201;-;-;69;959;97.3;-;0.1;-13;10.2;86.8
SIO;19670101;-;-;44;964.2;29.3;-;-1;-13.4;13.8;81.1
SIO;19670201;-;-;40;963;88.6;-;2.3;-8.6;16;72.7
SIO;19670301;-;-;60;963.8;61.5;-;7;-3;19.4;69.4
SIO;19670401;-;-;43;957.1;7.4;-;9;-2.6;23;61.3
SIO;19670501;-;-;59;957.9;53.7;-;13.9;-2;29;61.9
SIO;19670601;-;-;50;962.5;36.2;-;16.8;4.3;34.4;62.9
SIO;19670701;-;-;39;962.6;45.1;-;20.6;7.6;32.8;66.5
SIO;19670801;-;-;50;961.1;75.9;-;18.3;5.8;31.4;72.8
SIO;19670901;-;-;60;960.4;35.7;-;14;3.5;28.8;78.5
SIO;19671001;-;-;36;962.5;32.4;-;11.1;-2;27.2;77.3
SIO;19671101;-;-;53;961.7;37.1;-;4.5;-5.4;16;84.5
SIO;19671201;-;-;51;961.5;35.2;-;-2.5;-13.2;7.6;84.7
SIO;19680101;-;-;64;962.1;117.3;-;-2.4;-20.5;5.6;86.9
SIO;19680201;-;-;63;956;29.7;-;2.1;-7.8;15.6;80.2
SIO;19680301;-;-;44;960.9;9.5;-;6.2;-5.2;24.2;65.2
SIO;19680401;-;-;50;958.5;31.7;-;11.5;-1.6;29.6;62.6
SIO;19680501;-;-;60;958.3;18.1;-;13.6;0.4;26.2;66.1
SIO;19680601;-;-;55;960.4;23.4;-;17.2;6.4;33.5;65
SIO;19680701;-;-;45;962.2;57.2;-;18.9;7.2;36.3;66.4
SIO;19680801;-;-;63;959.3;83.3;-;16.4;6;27.4;77.2
SIO;19680901;-;-;56;960.4;102.4;-;13.9;3.8;25.5;78.1
SIO;19681001;-;-;45;964.8;20;-;11.1;0.2;23.4;80.8
SIO;19681101;-;-;58;957.8;104.4;-;4;-5.3;19.6;85.5
SIO;19681201;-;-;64;955.9;87.4;-;-0.1;-12;8.2;81.8
SIO;19690101;-;-;54;960;19.9;-;-0.1;-11.5;10.4;80.7
SIO;19690201;-;-;61;953.1;28.5;-;-0.5;-10.5;13.2;73
SIO;19690301;-;-;63;954.2;15.9;-;5.7;-2.5;17;70.2
SIO;19690401;-;-;61;959.1;68;-;9.2;-3.2;24.6;65.7
SIO;19690501;-;-;50;957.8;31.7;-;14.6;2.6;32.7;65
SIO;19690601;-;-;61;958.2;75.4;-;15.3;4.8;28;69.8
SIO;19690701;-;-;43;964.7;70;-;19.4;5.4;31.8;69.4
SIO;19690801;-;-;54;960.4;74.2;-;17.5;4.8;30.4;72.6
SIO;19690901;-;-;45;961.4;37.9;-;15.2;6;27.4;78.8
SIO;19691001;-;-;23;966.3;0.7;-;10;0;23.8;77.6
SIO;19691101;-;-;53;957.6;93.8;-;3.9;-6.8;17.4;78.7
SIO;19691201;-;-;48;956.9;29.4;-;-5;-14.7;4.6;83.1
SIO;19700101;-;-;66;954.8;36.5;-;0.5;-12;12;80.3
SIO;19700201;-;-;81;956.3;190;-;0.9;-12.2;13.8;78.6
SIO;19700301;-;-;64;956;67.6;-;2.6;-10.6;17.4;71.3
SIO;19700401;-;-;69;959.1;68.3;-;7.5;-4;25.8;64.2
SIO;19700501;-;-;56;959.5;39.5;-;13;0;26.5;64.2
SIO;19700601;-;-;56;961.1;69.4;-;18.3;6.8;31.6;68.3
SIO;19700701;-;-;45;961.2;26.6;-;18.5;4.4;32;66.3
SIO;19700801;-;-;54;960.4;74;-;18;6;32;74.2
SIO;19700901;-;-;33;963.5;25.5;-;15.8;3.6;30.2;73.9
SIO;19701001;-;-;43;964.9;26.4;-;8.7;-2.4;26.2;80.3
SIO;19701101;-;-;53;961.6;62.8;-;5.4;-3.5;19;79.7
SIO;19701201;-;-;44;963.8;10;-;-1.1;-13.2;11.8;82.7
SIO;19710101;-;-;45;958.5;50.1;-;-2.2;-15.5;12.4;84.4
SIO;19710201;-;-;45;962.4;8.1;-;1.5;-5.2;10.2;74.4
SIO;19710301;-;-;48;955.9;70.8;-;2.2;-14;17.6;67.2
SIO;19710401;-;-;46;954.9;20.7;-;12.6;0;25.6;57
SIO;19710501;-;-;70;956;64.2;-;15.3;4.2;29.8;66.6
SIO;19710601;-;-;63;958.2;82.4;-;16;5.6;28.8;68.5
SIO;19710701;-;-;35;961.8;23.4;-;20.7;7;33.8;64
SIO;19710801;-;-;45;960.5;98.5;-;19.8;10;34.6;70.7
SIO;19710901;-;-;35;964.6;20.9;-;14.4;2;26.2;74.1
SIO;19711001;-;-;31;969.1;11.8;-;10;-0.4;23.2;78.4
SIO;19711101;-;-;61;958.7;109.1;-;2.4;-13;14.8;83.2
SIO;19711201;-;-;44;969.7;4.9;-;-0.9;-9;10;86.3
SIO;19720101;-;-;61;957.4;16.8;-;0.1;-10.4;9;80
SIO;19720201;-;-;64;955.9;30.4;-;4.7;-5.6;17;71
SIO;19720301;-;-;49;957.9;9.7;-;7.7;-1.6;21;65
SIO;19720401;-;-;65;954.5;39.2;-;9.4;-0.6;24.8;67.5
SIO;19720501;-;-;65;957.7;28.2;-;13.4;0;25.6;64
SIO;19720601;-;-;60;959.3;45.2;-;16.2;5;29.5;66.7
SIO;19720701;-;-;53;960.9;22.8;-;19;6.4;32.6;65.9
SIO;19720801;-;-;49;961.4;33.7;-;17.6;5.8;32;69.7
SIO;19720901;-;-;50;961.2;10.7;-;12.3;0.6;26.6;72.9
SIO;19721001;-;-;43;962.4;22;-;9;0;23.2;76.3
SIO;19721101;-;-;51;964;169.7;-;4.1;-5.8;16.6;81.2
SIO;19721201;-;-;36;967.9;15.5;-;0.6;-9;14.2;75.8
SIO;19730101;-;-;56;965.5;17.4;-;-0.4;-8.6;9.4;83.1
SIO;19730201;-;-;49;959.3;36.1;-;-0.5;-10;9.5;75
SIO;19730301;-;-;36;964.4;4.3;-;4.7;-8;20.4;63.1
SIO;19730401;-;-;60;957.8;39.5;-;7.5;-5.5;23.6;59.7
SIO;19730501;-;-;61;960.9;30.2;-;15.4;2.6;27.5;61.9
SIO;19730601;-;-;51;961.5;79.9;-;18.1;6;30.4;67.2
SIO;19730701;-;-;54;958.7;102.9;-;18.4;7;32.2;69.1
SIO;19730801;-;-;49;962.6;29.8;-;20;11;32;71.4
SIO;19730901;-;-;43;961.3;36.2;-;15.4;3;30;73.5
SIO;19731001;-;-;44;962.7;51.2;-;8.6;-3;24;77.1
SIO;19731101;-;-;38;966.1;28.7;-;3.3;-9;14.6;77.2
SIO;19731201;-;-;58;960.7;28.1;-;0.5;-17.5;13.6;76.9
SIO;19740101;-;-;60;965.4;11.4;-;2.6;-5.6;14.2;78.6
SIO;19740201;-;-;69;954.9;45.3;-;3.8;-4.2;14.6;75.7
SIO;19740301;-;-;65;957.3;44.1;-;7.8;-3.6;22.8;63.2
SIO;19740401;-;-;46;953.8;10.9;-;10;-2.6;22.6;59
SIO;19740501;-;-;60;956.7;54.6;-;13.3;2;27.4;63.2
SIO;19740601;-;-;50;958.2;116.9;-;16;5;27.6;65.5
SIO;19740701;-;-;46;961.6;19.9;-;18.5;7.2;32;62.1
SIO;19740801;-;-;43;960.6;36.5;-;19.6;6;35;65.4
SIO;19740901;-;-;51;959.3;77.9;-;14;0.6;28.7;74.1
SIO;19741001;-;-;76;957.1;102.2;-;5.4;-3.2;14.6;78
SIO;19741101;-;-;65;960.7;87.7;-;4.3;-4.6;17.8;77.1
SIO;19741201;-;-;53;968.6;58.1;-;2;-9.5;11;79.7
SIO;19750101;-;-;54;965.1;78.1;-;2.5;-5.6;14;79.2
SIO;19750201;-;-;20;964.9;2.8;-;2.8;-5;17.8;66.6
SIO;19750301;-;-;70;951.6;34.8;-;5.1;-6.4;17.6;66
SIO;19750401;-;-;49;957.8;29.7;-;9.7;-2.6;24.2;62.3
SIO;19750501;-;-;60;957;46.5;-;14;2.6;31.8;64.2
SIO;19750601;-;-;56;959.5;26.8;-;16.3;3;30.6;63.6
SIO;19750701;-;-;39;960.5;39.1;-;19.3;6.5;32.6;63.6
SIO;19750801;-;-;53;961;35.7;-;18.7;6.8;32.8;70.4
SIO;19750901;-;-;55;961.6;38.9;-;16.4;6.4;34.2;75.4
SIO;19751001;-;-;40;963.9;7.6;-;8.3;-2;22.8;77.9
SIO;19751101;-;-;56;960.3;68.3;-;4;-6;18.4;81.7
SIO;19751201;-;-;45;965.9;1.3;-;-1;-8;10.4;83.5
SIO;19760101;-;-;50;964.1;8.2;-;0.6;-10.6;13;73.3
SIO;19760201;-;-;44;962.5;50.1;-;1.8;-7;15;76.6
SIO;19760301;-;-;41;959.8;7.8;-;5.4;-6.8;22;65.6
SIO;19760401;-;-;40;956;47.2;-;9.8;-3;24.2;58
SIO;19760501;-;-;45;959.2;13.2;-;15.4;1.6;29;56.2
SIO;19760601;-;-;35;961.8;25.2;-;19.7;5.4;32;54.9
SIO;19760701;-;-;54;959.8;57;-;19.9;8.6;33;62.8
SIO;19760801;-;-;44;961.1;43.3;-;17.5;7.5;29.8;63.2
SIO;19760901;-;-;53;959.4;37.4;-;13.7;2.8;26;69.5
SIO;19761001;-;-;61;953.4;53.1;-;11.2;0;24.2;73.1
SIO;19761101;-;-;54;960.9;52.1;-;4;-6.2;16;73.8
SIO;19761201;-;-;54;955.1;129.2;-;-1.5;-12.2;7.8;81
SIO;19770101;-;-;71;957.5;54.6;-;0.5;-7.8;9.8;79.1
SIO;19770201;-;-;66;956.1;112.4;-;3.7;-7;14.4;74.2
SIO;19770301;-;-;61;962.3;28;-;8.6;-3.5;22.6;61.5
SIO;19770401;-;-;71;958.3;99.4;-;8.8;-1;25.2;65.4
SIO;19770501;-;-;66;957.1;51.4;-;13.3;1.2;28;63.5
SIO;19770601;-;-;60;957.8;47.4;-;16.7;7;30.8;63.7
SIO;19770701;-;-;53;957.9;60;-;18.7;7.4;29.6;65.3
SIO;19770801;-;-;55;957.4;36;-;17.1;8.4;29;67.9
SIO;19770901;-;-;36;964.3;8.5;-;14;1.6;27.6;68.7
SIO;19771001;-;-;48;963.3;76.4;-;10.9;1.2;21.8;72.9
SIO;19771101;-;-;55;959;75;-;3.5;-8.6;18.2;76.3
SIO;19771201;-;-;50;964.4;61.9;-;0.6;-10.2;13;81.9
SIO;19780101;-;4;64;956.6;66.3;3132;-0.3;-7.9;8.5;84.7
SIO;19780201;-;13;75;951;86.4;4536;0.9;-14.6;15.8;77.4
SIO;19780301;-;0;71;957.7;109.4;7326;5.4;-3.7;19.4;69.9
SIO;19780401;-;0;68;951;10;9816;8.2;-3;19.9;64.7
SIO;19780501;-;0;66;956;41.2;10416;12.3;-0.4;24.9;67
SIO;19780601;-;0;63;958;86.2;11922;15.8;2.5;28.3;65.9
SIO;19780701;-;0;55;960.1;31.7;13488;17.4;5.2;29.9;70.6
SIO;19780801;-;0;48;960.9;53.7;14592;16.3;4.7;28.2;75.9
SIO;19780901;-;0;40;962.5;13.8;14088;13.2;2.3;25.8;76.4
SIO;19781001;-;0;31;964.8;17.3;12234;7.3;-1.8;20.4;79.5
SIO;19781101;-;0;21;969.5;0.6;9276;0.6;-13.4;13.6;76.9
SIO;19781201;-;0;61;953.2;96.4;3120;0.7;-13.2;12;83.1
SIO;19790101;-;11;63;956.4;74.1;4626;-2.3;-20.6;7.6;79.6
SIO;19790201;-;1;68;952.8;69.9;6300;2.5;-9.3;14.9;76.2
SIO;19790301;-;0;74;954.2;87.9;7500;5.9;-3.7;17.4;69
SIO;19790401;-;0;64;955.1;20.6;11886;7.6;-3;20.6;61.4
SIO;19790501;-;0;53;960.3;43;14448;13.3;-1.8;28.5;60.1
SIO;19790601;-;0;59;960.8;34.4;12744;17.4;2.1;27.5;66.7
SIO;19790701;-;0;40;962.3;24.6;17154;18.7;3.9;30.5;60
SIO;19790801;-;0;51;959;61.9;15264;16.5;4.3;29.6;68.9
SIO;19790901;-;0;44;962.9;33.7;13188;13.9;3.7;25.8;75
SIO;19791001;-;0;61;957.4;72.6;8034;10.7;-0.1;24.6;79.8
SIO;19791101;-;0;49;961;68.2;6360;2.6;-7.4;15;79.9
SIO;19791201;-;0;66;960.5;106.1;2736;1.4;-9;12.4;85.9
SIO;19800101;-;14;65;959.3;90.5;3954;-1.6;-13;8.7;81.9
SIO;19800201;-;7;45;964.4;72.1;7884;2.5;-5.5;15.5;77
SIO;19800301;-;0;65;953.9;65.5;8988;4.9;-4.1;16.1;71.3
SIO;19800401;-;0;55;959.2;3;11592;7.2;-3.4;19.3;63.6
SIO;19800501;-;0;66;954.2;56.9;9960;12.2;0.8;24.5;66.3
SIO;19800601;-;0;64;958.2;49.3;9996;15.3;2.4;29.3;68.3
SIO;19800701;-;0;59;958.8;88.5;11622;16.4;2.9;28.8;71
SIO;19800801;-;0;48;960.9;26.4;13926;18.4;4.8;30.5;73.1
SIO;19800901;-;0;30;964.3;33.8;15648;14.6;5.1;26.6;76
SIO;19801001;-;0;56;958;121.7;8166;7.6;-1.2;20.6;81
SIO;19801101;-;0;63;959.4;23.1;4932;2.7;-6.1;14.4;80.3
SIO;19801201;-;1;50;964.5;16.8;4080;-2.1;-14.2;8;79.9
SIO;19810101;52;13;54;965.6;86.6;5105;-2.7;-15;6.2;76.4
SIO;19810201;108;6;41;962.3;11.3;8782;-0.5;-10.3;9.7;70.5
SIO;19810301;124;0;74;956.8;95.5;7283;7.7;-5.3;24.4;69
SIO;19810401;218;0;54;958.2;10;13163;11.3;-1;25.7;61.2
SIO;19810501;209;0;68;956.4;62.3;9024;13.5;1.8;29;64.8
SIO;19810601;253;0;54;960.9;26.6;13566;17.5;4.3;31;61.9
SIO;19810701;234;0;54;961.8;51.8;12619;17.5;5.8;30.6;66.8
SIO;19810801;236;0;35;961.9;18.1;16452;18.3;4.5;31.9;65.3
SIO;19810901;137;0;69;960.7;52.7;7693;14.8;1;27.3;76.8
SIO;19811001;93;0;66;959;108.6;6442;8.9;-3.5;22.4;78.4
SIO;19811101;68;0;41;968.8;40.3;7117;3;-8.1;17.2;75.3
SIO;19811201;35;7;78;949.1;140.3;2148;0.5;-12.1;7.7;77.5
SIO;19820101;53;1;56;963.1;62.7;5240;1.2;-7;13;80.2
SIO;19820201;100;0;48;962.8;3.8;8087;2.4;-7.2;16.4;71.9
SIO;19820301;147;0;61;961.3;60.1;9834;4.3;-5.9;19;66.7
SIO;19820401;241;0;39;958.5;8.4;16103;9.2;-1.3;21.6;56.7
SIO;19820501;254;0;48;962.7;25;14330;13.1;-0.4;27.1;63
SIO;19820601;244;0;59;960;40.2;11977;17.1;5.3;29.5;65.2
SIO;19820701;257;0;48;960.7;52.7;15491;19.7;7.3;30.7;66.4
SIO;19820801;199;0;56;960.7;72;11832;16.7;4.3;30.5;74.3
SIO;19820901;168;0;40;963;28.3;13252;15.2;3.7;28.3;75.4
SIO;19821001;107;0;55;958.6;108.3;8006;8.3;-2.1;18.8;80.5
SIO;19821101;66;0;49;962;23.5;5964;4.6;-2.6;15.5;76.4
SIO;19821201;39;0;59;961;110.6;3500;0.5;-9.1;11.6;83.1
SIO;19830101;50;0;53;973.1;54.8;4664;0.8;-8.9;12.1;79.7
SIO;19830201;95;19;53;960.7;47;6135;-2.4;-14.6;12.6;77.1
SIO;19830301;145;1;54;961.3;6.1;9271;5.9;-5.1;19;65.8
SIO;19830401;185;0;74;955.2;55.3;8168;9.5;-2;23.8;65
SIO;19830501;204;0;73;955.6;83.2;8571;11.3;0.7;24.1;68.8
SIO;19830601;257;0;55;962.3;36.5;13169;16.8;4.1;30.7;64
SIO;19830701;275;0;34;961.2;6;18093;21.5;6.2;36.6;62
SIO;19830801;210;0;55;961;67.6;12014;18.5;4.8;29.2;70.1
SIO;19830901;175;0;45;962.9;67.2;12777;14.7;2.3;29.5;72.9
SIO;19831001;114;0;41;967;28.1;10752;9;-2.7;22.4;78.7
SIO;19831101;66;0;34;962.6;84.8;7273;2.6;-8.3;19;81.9
SIO;19831201;43;0;44;962.9;43.8;4626;0.5;-10.2;11.5;80.4
SIO;19840101;44;8;66;960.7;77.4;3128;0;-10.1;8;78.8
SIO;19840201;94;11;58;962.5;70.5;7148;-0.1;-10.5;7.8;75.9
SIO;19840301;164;0;38;958.1;22.4;12519;3.6;-8.2;15;63.3
SIO;19840401;228;0;43;960.2;13;14717;8.7;-2.5;24.9;60
SIO;19840501;219;0;69;952.4;34.8;8138;11.4;0;21;65.1
SIO;19840601;263;0;53;960.5;49.1;13830;16.4;4.1;29.6;61.7
SIO;19840701;276;0;36;962.6;30.1;18113;18.9;4.6;34.2;59.9
SIO;19840801;209;0;55;961.1;24.1;12750;17.9;8.7;33.6;68.5
SIO;19840901;158;0;61;957.7;84.8;10690;13;3.9;29;73.7
SIO;19841001;118;0;43;963.5;33.5;11015;9.3;-1.7;21.7;77.3
SIO;19841101;54;0;56;956.7;35.3;4577;6.3;-2.5;19.9;78.1
SIO;19841201;43;0;44;966.2;18.9;4501;0.8;-9.7;14.4;83.9
SIO;19850101;51;2;61;955.7;66.3;4080;-4.4;-19.8;6.1;79.5
SIO;19850201;82;14;70;962.4;75.5;4489;0.3;-14.5;11.5;84.4
SIO;19850301;146;2;65;957.1;21.5;9349;4.2;-4.7;19.1;67
SIO;19850401;203;0;58;957.1;52.4;11670;9.6;-0.8;23.1;62.1
SIO;19850501;247;0;63;955.1;105.2;12989;13.2;1.6;28;65.8
SIO;19850601;265;0;59;959.5;123.2;13412;15.9;4.6;29.4;63.5
SIO;19850701;276;0;36;961.7;22.8;17776;20.1;9.4;32.2;64.3
SIO;19850801;237;0;35;961.6;49.3;16655;17.8;5.2;32.8;67.4
SIO;19850901;196;0;25;965.4;20.3;16786;15.7;4.9;26.5;70.2
SIO;19851001;123;0;30;966.8;0.2;12805;9.9;-3.4;26.2;76.6
SIO;19851101;55;0;63;958.1;71.2;4465;1.5;-9.7;15.6;81.7
SIO;19851201;45;0;44;963.6;41.1;4493;0.9;-8;16.1;80.8
SIO;19860101;45;4;75;957.4;96.8;3055;0.3;-12.4;11.1;78.9
SIO;19860201;94;0;55;952.5;18.2;6949;-1;-14;10.4;68.6
SIO;19860301;151;0;56;959.8;61;10409;5.4;-3.9;20.3;68.2
SIO;19860401;166;0;79;953.3;42.1;6569;7.9;-4.4;19.7;69.2
SIO;19860501;238;0;63;961.8;39.1;12450;15.9;4.1;29.8;63.3
SIO;19860601;281;0;44;960;26.7;16394;17.7;2.2;33.4;60
SIO;19860701;266;0;46;961.5;53;16112;19.1;5.7;32.9;62
SIO;19860801;223;0;50;960.5;105.1;14938;17.7;4.4;34.6;69.4
SIO;19860901;170;0;48;963.8;33.9;12092;15.1;5.1;28.7;74.1
SIO;19861001;118;0;38;964.8;55.4;11482;10.8;-1.9;23.4;76.6
SIO;19861101;67;0;38;967.4;37.3;7067;4.2;-6.1;17.9;78.8
SIO;19861201;38;9;56;966.1;63.2;3301;-0.2;-16.3;12.2;84.4
SIO;19870101;48;8;69;960.1;44.1;3166;-3.5;-15.1;7.3;81.6
SIO;19870201;82;0;61;957.8;25.7;5185;1.7;-8.5;13.1;77.1
SIO;19870301;140;0;69;959.9;41.8;8821;3.6;-6.4;17.4;66.8
SIO;19870401;208;0;48;961.2;43.5;13151;10.5;-3.6;24.9;60.5
SIO;19870501;231;0;63;958.5;42.5;11561;11.5;1.3;26.2;64.5
SIO;19870601;235;0;63;960.7;98.2;11458;15.7;6.1;31;68.5
SIO;19870701;235;0;59;960.4;68.4;12934;19.2;5.5;32;69.7
SIO;19870801;219;0;51;960.8;45.6;14221;18.6;6.5;30.8;68.2
SIO;19870901;175;0;50;963.1;35.1;13837;17;4.6;30.8;71
SIO;19871001;92;0;65;960.4;63.2;6662;11.1;1.1;23.6;79.9
SIO;19871101;61;0;58;960.8;64.5;5735;4.2;-4.2;15.3;81.9
SIO;19871201;40;0;56;964.8;44.6;3946;1.6;-7.9;12.4;85.3
SIO;19880101;44;0;66;959;63.4;3438;3;-4.9;15.4;77.9
SIO;19880201;91;0;58;959.8;49;6998;1.8;-5.8;12.2;72.9
SIO;19880301;118;0;79;958.3;111.4;6344;4.8;-7.4;16.1;68.9
SIO;19880401;201;0;61;957.1;7.9;11324;11.4;-0.6;24.7;63.1
SIO;19880501;219;0;66;956.6;28.1;10539;15.6;4.4;28.6;64.7
SIO;19880601;240;0;66;957.8;23.7;11394;17;5.6;28;65.7
SIO;19880701;283;0;38;960.7;47.5;18438;19.7;8.4;33.7;62.5
SIO;19880801;221;0;49;960.1;59;14714;19.2;6.9;32.4;68.3
SIO;19880901;170;0;50;963.3;24.7;12740;14.6;3.1;27;74.4
SIO;19881001;96;0;60;962.6;113.7;7828;11.2;-0.1;23.1;81.8
SIO;19881101;66;0;38;965.4;38.2;7099;2.2;-9.1;14.6;82.6
SIO;19881201;37;0;58;968.3;73.3;3778;1.1;-6.6;11.8;84
SIO;19890101;61;0;29;975.3;3.4;7633;-1.3;-9.2;9.1;81.1
SIO;19890201;84;0;54;964.9;25.5;6732;2.4;-7.1;14.1;77.2
SIO;19890301;155;0;44;961.7;37;12377;8.2;-1.4;24.5;63.2
SIO;19890401;167;0;76;952.7;81.4;7277;9.1;0.3;20.7;64.5
SIO;19890501;258;0;43;961.8;35.2;15902;15.7;2.1;29.1;61
SIO;19890601;287;0;46;959.8;9.4;16425;17.4;3.3;30.9;57.5
SIO;19890701;248;0;51;962.8;58.2;14162;20.2;9.3;32.8;64.9
SIO;19890801;233;0;40;960.3;45.8;15965;19;5.3;34.1;68.2
SIO;19890901;159;0;50;962.4;9.4;11555;15;3.3;28;73.3
SIO;19891001;125;0;33;965.5;33;12067;10.3;0.5;24.8;73.6
SIO;19891101;67;0;33;961;23.8;7113;3.4;-7.2;18;75.3
SIO;19891201;42;0;35;961.2;73.1;4978;-0.3;-11.6;12.9;82
SIO;19900101;60;0;24;968.5;23.9;7279;-0.8;-10.2;13.2;70.6
SIO;19900201;80;1;54;963.4;264.4;6826;5.7;-2.2;19.4;69.3
SIO;19900301;156;0;45;970.9;21.4;12083;7.7;-4.2;22.8;62.7
SIO;19900401;188;0;70;957.1;29.8;9568;9.1;0.4;23.4;64
SIO;19900501;255;0;55;961.7;29.2;14228;16.2;5.2;27.3;63.8
SIO;19900601;240;0;59;959.6;129.5;12638;16.5;4.7;30.4;70.7
SIO;19900701;277;0;39;962.3;41.1;18049;20.1;7.4;32.4;63.2
SIO;19900801;238;0;41;963.5;64;16692;19.6;8.1;33.7;66.3
SIO;19900901;173;0;50;962.1;78.1;12628;14.4;4.1;24.3;72.5
SIO;19901001;104;0;53;958.9;115.3;8879;11.5;1.7;24.4;79.6
SIO;19901101;63;0;56;959.3;58.8;5854;4;-4.5;14.6;80.7
SIO;19901201;44;2;48;961.9;36.5;4555;-1.6;-12;6.5;81
SIO;19910101;52;1;46;968.3;49.3;5116;0.1;-8.7;9.4;78.5
SIO;19910201;100;6;43;960.7;41.7;8604;-0.3;-13.3;15.7;71
SIO;19910301;134;0;61;957.3;65.2;8206;9;-1.1;20.5;66.3
SIO;19910401;213;0;53;958.6;12.5;14101;9.4;-1;22.2;55.4
SIO;19910501;247;0;49;960.3;10.6;15610;12.3;-0.4;27.9;56
SIO;19910601;236;0;61;960.1;86.8;13446;16.8;5.9;31.6;63.6
SIO;19910701;267;0;41;960.9;44.2;17404;21;8.8;32.6;64.2
SIO;19910801;252;0;30;962.9;14.9;18898;20.8;10.9;31.3;62.9
SIO;19910901;165;0;49;961.3;43.3;11845;17.2;5.8;28.2;71.1
SIO;19911001;109;0;48;961.4;35;9383;8.8;-2.9;21.5;78
SIO;19911101;60;0;50;960.8;49.5;5391;3.5;-3.7;17;79.3
SIO;19911201;45;0;25;972.1;80.6;5577;-2.1;-12.3;9.3;77.2
SIO;19920101;57;0;28;972.3;10.7;5873;-2;-8.6;9.5;78.1
SIO;19920201;95;0;40;969.8;27.2;8385;2.1;-8.6;17;69.7
SIO;19920301;134;0;58;961;39.2;9334;7.4;-1.6;20.4;60.9
SIO;19920401;200;0;55;957.1;29.5;11774;10.3;-0.5;27.1;59.5
SIO;19920501;247;0;49;961.7;15.9;14608;16.2;2.5;30.3;58.6
SIO;19920601;226;0;70;957.5;63.1;9709;16.9;7.2;29.3;68.8
SIO;19920701;252;0;49;962.3;69.8;15020;20;9.1;30.8;67
SIO;19920801;222;0;39;961.5;42.7;15020;21.2;9.8;34.4;62.7
SIO;19920901;167;0;44;964.6;35.9;12381;15.4;4;26.5;71.7
SIO;19921001;86;0;71;954.3;121;5690;8.7;-1.9;20;79.8
SIO;19921101;49;0;59;964.6;148.8;3840;5.6;-3.3;16.5;83
SIO;19921201;38;1;48;963.7;116.5;3600;0.7;-7.8;11.5;81
SIO;19930101;56;0;43;971.6;9.3;6074;1.9;-11.3;13.1;74.8
SIO;19930201;101;0;31;969.9;1.3;9015;0.7;-10.2;10.9;70.4
SIO;19930301;155;0;41;963.8;14.6;12741;6;-4.1;22.5;58.4
SIO;19930401;187;0;64;956.6;79.1;9846;11.4;-0.9;24.1;57.5
SIO;19930501;237;0;56;958.1;32.2;13482;16.1;5.1;29.4;61
SIO;19930601;252;0;55;961.1;35.8;14355;18.6;9.4;30.6;63.4
SIO;19930701;244;0;51;962.7;89.7;14453;18.8;7.9;33.1;63.1
SIO;19930801;220;0;44;962.8;38;15610;19.7;7.8;32.8;65.2
SIO;19930901;146;0;65;958;102.1;9239;14.6;4.9;26.7;71.8
SIO;19931001;93;0;64;958.7;42.9;7205;9.5;-0.7;21.4;75.4
SIO;19931101;57;0;59;962.6;19.2;4744;3.5;-7.4;17.8;74.6
SIO;19931201;37;2;71;960.2;154.8;2661;2.2;-7.6;14.2;79
SIO;19940101;47;0;64;961.7;57.2;4344;2.2;-8.2;9.9;75.5
SIO;19940201;92;0;56;958.5;11.2;6779;3.6;-7.3;17;64.1
SIO;19940301;142;0;54;965.1;14.8;10199;10;0.8;24;59.4
SIO;19940401;190;0;68;956.3;66.6;10567;8.6;-0.8;25.8;64.6
SIO;19940501;212;0;64;957.6;78.4;11390;15.3;7.4;26.2;66.1
SIO;19940601;267;0;45;963.2;38.3;15952;18.4;3.7;31.5;59.2
SIO;19940701;266;0;40;962.1;63.7;17275;22.1;11.8;32.8;63.5
SIO;19940801;209;0;46;961.2;59.8;14197;19.8;9.8;31.7;71.1
SIO;19940901;129;0;69;960.4;105.3;7696;14.3;2.2;27.3;80.7
SIO;19941001;107;0;46;961.7;49.1;9570;10.2;0.8;21.7;79.5
SIO;19941101;60;0;53;965.5;50.8;5749;7.4;-2.8;18.8;81.9
SIO;19941201;41;0;49;967;75.8;4589;1.7;-8.5;12.5;82.3
SIO;19950101;49;1;60;963.8;135.6;4598;-0.1;-10;8.8;78.9
SIO;19950201;81;1;61;962.6;135.9;6298;4.3;-3;15.4;77.6
SIO;19950301;144;0;53;960.5;53.1;10635;4.7;-5.2;18.9;63.4
SIO;19950401;198;0;55;959.5;20;11736;10.7;0.1;23.6;61.7
SIO;19950501;232;0;58;959.9;106.2;13826;14.3;0.7;27.6;63.8
SIO;19950601;259;0;54;960.1;31.8;14511;16.7;5.9;30.8;64.7
SIO;19950701;264;0;41;960.7;38.6;17419;21.7;12.3;33.5;65.9
SIO;19950801;209;0;59;961.1;52.9;12336;18.9;3.9;31.5;69.4
SIO;19950901;156;0;61;958.9;72.6;9936;13.1;1;24.7;75.5
SIO;19951001;119;0;38;967.4;3.7;11704;12.2;0.3;23.1;76.5
SIO;19951101;67;0;44;962.8;47.5;7185;4.6;-6.3;19.7;72.5
SIO;19951201;38;0;61;958.5;58.8;3466;1.4;-6.7;15.4;79.3
SIO;19960101;55;0;48;957.6;5.2;5605;2.3;-7.4;14.8;75.7
SIO;19960201;94;2;64;956.9;48.9;6748;1.1;-7.9;14.6;71.2
SIO;19960301;161;0;45;957.8;15.3;12538;5.4;-6.6;21.6;59.3
SIO;19960401;197;0;63;959;20;11761;11.3;-0.8;24.6;57.6
SIO;19960501;227;0;65;957.2;44.9;12407;14.4;3.9;28;67.6
SIO;19960601;267;0;50;963.4;21;15851;19.2;8.2;32.3;60
SIO;19960701;238;0;50;962.4;85.8;14737;18.9;6.6;30.3;65.3
SIO;19960801;213;0;60;961;71.4;13358;18.3;7.3;30;71.8
SIO;19960901;180;0;45;958.8;6.6;13246;12.6;3.4;24.1;71.2
SIO;19961001;100;0;59;963.5;45.1;9074;10;-0.1;23.7;75.5
SIO;19961101;60;6;68;958.5;154.5;4861;4.6;-7.3;18;79.7
SIO;19961201;42;9;69;956.9;35.9;3235;0.9;-6.5;10.4;84.3
SIO;19970101;56;0;50;964.5;31.1;5302;0.4;-6.7;10;82.9
SIO;19970201;101;0;45;969.1;51.4;8516;4;-5.1;16.6;70.2
SIO;19970301;176;0;34;967.9;8.9;14232;8.3;-1.5;21.2;61.3
SIO;19970401;240;0;35;961.3;21.6;16203;10.2;-1.3;22.3;54.2
SIO;19970501;253;0;53;959.6;56;15545;14.9;3.8;27.8;64.1
SIO;19970601;226;0;74;956.3;68.5;10264;17.3;6.9;29.4;68.6
SIO;19970701;234;0;60;962.6;70.9;13046;18.2;9;29.4;70.9
SIO;19970801;224;0;49;962.3;48.8;14852;20.4;8.3;31.2;69.2
SIO;19970901;194;0;33;965.4;66.2;16492;16.5;7.2;28.1;73.5
SIO;19971001;114;0;49;961.4;44.4;9925;9.9;-4.6;24.5;79.2
SIO;19971101;63;0;55;954.7;19.9;5480;4.8;-3.6;19.2;78.4
SIO;19971201;41;0;63;958.8;63.3;3449;2.5;-5.5;13.2;78.3
SIO;19980101;61;3;47;963.1;80.8;6018;0.8;-9.5;13.6;79.5
SIO;19980201;122;2;21;969.3;6.8;11607;3.2;-8.3;20.2;69.2
SIO;19980301;160;0;54;965.1;15.9;11851;7.1;-5;22;60.8
SIO;19980401;193;0;73;950.9;44.2;9649;9.9;-0.6;23.5;62.8
SIO;19980501;267;0;48;957.7;13.6;16267;16.2;4.7;29.3;57
SIO;19980601;271;0;55;961;55.9;13926;18.7;4;31.4;62.9
SIO;19980701;253;0;49;958.7;46.8;15058;20.3;6.7;33.2;63
SIO;19980801;221;0;48;961.2;13.4;14799;20;6.4;34.4;65.2
SIO;19980901;153;0;65;957.2;68.3;9858;14.6;4.8;28.7;75.3
SIO;19981001;98;0;69;960.5;77.7;6606;10;1.4;20.9;78.7
SIO;19981101;59;0;56;961.8;45.4;5740;1.9;-9.4;15;77.1
SIO;19981201;44;0;44;965.8;17.5;4628;-0.1;-8.8;11.8;77.8
SIO;19990101;57;1;44;961.9;47.1;6308;1;-10.1;12;76.9
SIO;19990201;74;14;72;961;117.6;4514;-0.6;-15.9;11.7;80.8
SIO;19990301;144;0;59;956.7;25.3;10540;6.8;-3;21.1;66.2
SIO;19990401;184;0;70;958;53.1;9897;10;-1.5;23.2;65.1
SIO;19990501;214;0;66;959.2;86.7;11128;16.7;7.1;30.6;68
SIO;19990601;266;0;53;961.1;75.8;14452;17.1;6.4;31.4;67.6
SIO;19990701;269;0;53;959.3;38.4;16189;20.5;10.2;31.5;65.3
SIO;19990801;197;0;66;958.1;103.8;12085;19;11.2;31.5;75.7
SIO;19990901;158;0;55;957.8;69.1;11214;16.9;9.4;28;75.4
SIO;19991001;110;0;59;961.1;23.2;9341;10.8;2;22.2;80
SIO;19991101;58;4;59;963.7;41;4622;2.7;-6.3;19.9;80.4
SIO;19991201;39;3;64;959.9;105.6;3068;0.2;-9;10.2;80.1
SIO;20000101;57;5;41;968.3;19.9;6110;-2.2;-10.3;8.7;82.4
SIO;20000201;87;0;58;967.3;56.5;6816;3.5;-4.1;17.1;76.3
SIO;20000301;153;0;53;962.7;21.8;11299;7.1;-2.4;19.5;65.5
SIO;20000401;191;0;63;952.1;35.4;10579;11.2;0.4;26.1;61.1
SIO;20000501;241;0;58;959.3;13.1;13448;16.8;5.2;28.4;61.2
SIO;20000601;284;0;43;962.5;24.5;16889;20;8.3;30.9;60.2
SIO;20000701;236;0;62;957.7;89.8;12803;17.8;6.9;34.2;67.9
SIO;20000801;215;0;46;961.6;34;14442;19.8;10;34;67.2
SIO;20000901;188;0;42;958.8;37.5;14464;16.2;5.9;27.8;68.1
SIO;20001001;98;0;62;959.7;115.5;7236;10.2;0.6;21;81.1
SIO;20001101;56;0;70;954.7;57.2;3890;5.5;-2.4;16.4;79.1
SIO;20001201;41;0;56;957.5;10.6;3136;3.4;-6.8;16.6;78
SIO;20010101;51;0;67;957.6;89.6;4527;1.9;-6.3;10.5;79.2
SIO;20010201;100;0;52;961.4;19.8;7559;3.7;-7.3;16.6;66.1
SIO;20010301;117;1;84;952;152.1;5526;8.6;-1.4;22.4;72.7
SIO;20010401;193;0;69;957;60.1;9867;8.6;-0.2;22.6;66.5
SIO;20010501;254;0;60;958.1;23.5;14278;16.9;4.7;31.4;64.3
SIO;20010601;274;0;49;960.7;101.2;16029;17;2.6;30.4;66.6
SIO;20010701;258;0;54;959;59.9;15130;19.9;7.8;31.9;66.6
SIO;20010801;225;0;47;960.8;59.9;15425;20.1;9.3;32.4;69.9
SIO;20010901;167;0;65;958.7;39.9;10416;12.8;3.3;23.4;73.8
SIO;20011001;128;0;37;963.4;8.8;12289;13.1;2.8;25.8;74.4
SIO;20011101;62;0;55;964.1;17.8;5338;3;-6.2;14.6;80.1
SIO;20011201;42;0;48;964.7;17.3;4602;-1.7;-12.2;12.1;77.1
SIO;20020101;61;0;33;969.8;14.2;7183;-1.1;-11.1;15.3;77.8
SIO;20020201;82;0;70;961.4;51.3;5138;5.1;-4.8;18.4;72.4
SIO;20020301;159;0;53;960.8;49.7;11904;8.6;-1.3;21.6;59.5
SIO;20020401;208;0;59;956.3;24.7;12263;11.2;1.5;24.6;56.9
SIO;20020501;228;0;65;957.7;87.6;12098;14;3.6;29.8;66.9
SIO;20020601;277;0;50;959.7;59.1;16591;20.3;7;33.7;62
SIO;20020701;250;0;52;958.6;64.4;14628;19.5;9.4;31.5;68
SIO;20020801;203;0;62;958.4;65.8;12075;18.5;9.2;29.2;73.7
SIO;20020901;168;0;58;959.8;32.2;11098;14.7;4.4;26.2;74.7
SIO;20021001;101;0;59;958.9;52.6;8434;10.4;0.8;23.3;75.8
SIO;20021101;51;0;70;955;137.4;4151;6.4;0.3;15.7;83.4
SIO;20021201;39;0;70;959.3;50.7;2823;3.3;-4;11.1;84.2
SIO;20030101;53;0;56;959.4;46.3;4682;0.3;-9;10.1;78.3
SIO;20030201;117;2;39;962.5;18.6;10140;-0.7;-9.8;14.9;68.1
SIO;20030301;179;0;34;964.7;7;15422;8.2;-2.1;21.2;59.4
SIO;20030401;219;0;53;957.6;27.5;13609;11.3;-1.7;25;55.4
SIO;20030501;244;0;65;961.3;27.1;13058;16.3;2.9;30.2;62.9
SIO;20030601;297;0;49;959.9;66.6;18519;23.1;12.6;34.9;58.5
SIO;20030701;278;0;47;959.6;39.8;17839;21.9;11.5;34.9;57.9
SIO;20030801;235;0;41;961;75.5;16925;22.5;9.7;37.2;62
SIO;20030901;183;0;43;962.8;12.5;14030;15.6;6.4;26.7;70.1
SIO;20031001;110;0;57;956.3;69.1;9735;8.3;-3.4;23.7;75.6
SIO;20031101;66;0;46;960.5;20.6;6459;6.2;-1.4;18.3;75.1
SIO;20031201;44;0;48;962;16;4752;2.1;-7.9;17.5;72.7
SIO;20040101;47;1;76;956.1;122.6;3067;1.3;-9.8;10.2;79.8
SIO;20040201;103;0;45;962.1;6.9;9242;2.6;-7.2;15.5;68.7
SIO;20040301;163;0;51;962.3;11.5;11744;6.2;-6.6;24.9;59.8
SIO;20040401;209;0;66;955;10.3;11725;11.1;0.2;23.9;57.4
SIO;20040501;254;0;60;956.6;30.5;14299;14.3;2.3;29;60.4
SIO;20040601;263;0;57;961;53.9;14413;18.7;8.3;33;60.2
SIO;20040701;258;0;52;960.3;34;15601;19.9;8.1;32.4;62.5
SIO;20040801;229;0;58;958.4;89.8;14678;19.7;7.6;34.8;67.6
SIO;20040901;187;0;44;963.2;10.9;14464;16.5;4.5;28;68.9
SIO;20041001;100;0;65;956.7;44;7754;12;2.5;25.6;79.5
SIO;20041101;63;0;46;962.8;20.4;6397;3.5;-5.5;16.2;79
SIO;20041201;47;4;39;962.7;42.2;5460;-0.8;-10.3;9.8;82.8
SIO;20050101;59;8;39;966.7;36.5;6860;-2.1;-16;9;78.9
SIO;20050201;108;3;48;959.5;24.9;8783;-1.4;-7.8;8.3;71
SIO;20050301;170;0;47;959.3;13.9;12891;6.8;-9.8;22.6;61.4
SIO;20050401;194;0;68;957;69.2;10894;10.6;-0.8;27.5;62.1
SIO;20050501;248;0;59;959.6;36.1;14443;15.8;4.8;31.2;60.4
SIO;20050601;287;0;45;960.8;49.3;17615;20.3;5.5;34.3;58.9
SIO;20050701;257;0;59;959.3;55;15153;20.3;9.2;35.2;61.8
SIO;20050801;202;0;62;960.1;82.1;12120;17.7;7.4;28.7;70.2
SIO;20050901;168;0;54;961;34.3;11557;16.6;6.3;28.5;70.6
SIO;20051001;122;0;41;963.2;24.5;11194;11;2.2;21.6;74.2
SIO;20051101;74;1;38;961;7.6;7946;3.5;-12.3;19.2;75.4
SIO;20051201;41;2;58;961.7;66.2;3569;-2.1;-12.6;7.9;79.7
SIO;20060101;64;4;39;965.3;9.8;7247;-2.2;-12.8;11.1;74.8
SIO;20060201;92;0;62;957.4;57;6647;1.1;-7.4;9.9;73.6
SIO;20060301;145;3;69;955.4;128.8;9234;4.5;-8.8;22.5;68.7
SIO;20060401;205;0;61;958.1;68.8;11696;10.8;0.2;24.5;63.2
SIO;20060501;229;0;71;960.9;58;11908;14.9;2.7;26.5;63.8
SIO;20060601;290;0;44;962.8;29.6;18010;19.5;1.5;30.9;58.7
SIO;20060701;280;0;47;962.7;37.9;18561;23.3;13.6;35.9;60.3
SIO;20060801;214;0;66;957.9;84.1;11832;16.8;5.2;29.2;68.2
SIO;20060901;170;0;56;960.3;26.4;11916;17.9;7.2;28.7;71.8
SIO;20061001;120;0;48;960.5;36.6;10636;12.8;3;24.5;73.5
SIO;20061101;67;0;48;964.6;35;6771;6.4;-4.2;18.7;71.7
SIO;20061201;47;0;39;969.1;32.4;5571;1.3;-8.8;13.8;77.9
SIO;20070101;55;0;59;966.1;61.5;5347;3;-7.3;16.8;79.3
SIO;20070201;88;0;53;957.9;64.5;6940;4.3;-4.9;14.7;72.6
SIO;20070301;161;0;51;958.9;40.1;11729;7.2;-2.8;18.2;61.9
SIO;20070401;253;0;33;960.9;1.4;17952;15.2;1.7;28.1;51.7
SIO;20070501;218;0;69;956.7;102.6;11079;15.5;3.1;28.5;66.4
SIO;20070601;264;0;64;957.6;89.1;14121;18.6;9.3;32.5;68.1
SIO;20070701;260;0;54;960.1;153.6;15638;19.2;9.1;34.2;66.9
SIO;20070801;214;0;61;959.2;107.2;13226;18.6;8.9;32.6;72.4
SIO;20070901;190;0;46;962.6;20.7;14039;14.5;4.2;24.4;69.6
SIO;20071001;129;0;41;964.3;21.1;12944;9.9;-2.2;23.8;75.6
SIO;20071101;71;0;47;962.8;15.6;7182;3.6;-8.2;15;73.9
SIO;20071201;48;0;42;967;80;5199;0.1;-8.4;10.7;79.7
SIO;20080101;60;0;51;965.4;53.1;6454;2.5;-8.4;11.4;74.4
SIO;20080201;118;0;32;969.3;8.4;10819;4;-5.4;18.5;68.3
SIO;20080301;154;0;69;953.3;51.1;9490;6.4;-5.8;19.3;61.4
SIO;20080401;209;0;67;954.6;27.9;11852;10.2;0.2;22.4;61.2
SIO;20080501;256;0;67;956.7;8.8;13986;16.9;5.9;29.9;57.4
SIO;20080601;269;0;64;959.7;45.9;13555;19.2;8.6;32.7;64.9
SIO;20080701;273;0;50;960.1;61.1;16598;20.1;9.6;32.4;62.4
SIO;20080801;233;0;53;959.5;59.5;15287;19.6;8.8;30;66.4
SIO;20080901;181;0;54;960.3;56.3;12806;14.7;4.5;28.3;72.8
SIO;20081001;117;0;58;962.1;43.7;9548;10.7;-0.1;22;79.4
SIO;20081101;64;5;59;959.3;72.6;5634;4.4;-9.9;20.5;81.6
SIO;20081201;44;3;56;961;72.9;3810;0.3;-9.5;10.3;85
SIO;20090101;64;7;42;957.8;56.2;7099;-2.7;-11.7;5.1;83.9
SIO;20090201;101;4;61;957.5;27.9;6986;1;-9.4;14.1;74.1
SIO;20090301;157;0;61;958.2;23.4;10141;5.9;-3.9;18.1;65.6
SIO;20090401;220;0;58;956.6;36.8;13197;12.4;2.1;23.2;58.4
SIO;20090501;241;0;58;962.3;24.5;13624;16.4;2.9;35.1;64.3
SIO;20090601;288;0;58;958.9;40.6;15656;18.4;6.1;31.1;64.1
SIO;20090701;270;0;57;960.5;85.3;15721;20.5;9.6;34.2;64.3
SIO;20090801;256;0;37;961.5;16.4;17942;21.6;8.3;35.5;63.2
SIO;20090901;190;0;46;962.3;17.3;14145;16.8;5.7;32.1;71.6
SIO;20091001;123;0;49;961.3;11.7;10898;10.3;-2.8;26.9;72
SIO;20091101;58;0;64;957.4;68.3;4088;6.7;-1.7;18.3;81.5
SIO;20091201;40;1;70;953.1;107.6;2560;1;-10.8;8.9;81.4
SIO;20100101;55;1;62;956.4;11.1;4893;-1.5;-9.8;7;79.9
SIO;20100201;98;1;63;950;29.2;6810;1.5;-11.8;13.3;69.4
SIO;20100301;153;0;62;959.6;28.6;10540;6.1;-5.8;21.6;61.1
SIO;20100401;239;0;55;960.2;6.4;15021;11.8;-0.9;27.9;57.7
SIO;20100501;235;0;73;956.2;121;11009;14;5.5;30.4;68.6
SIO;20100601;274;0;61;957.4;20.4;14315;18.9;7;31.9;65
SIO;20100701;284;0;48;961.1;73.1;18056;21.8;9;35.6;64.7
SIO;20100801;216;0;61;960.1;45.6;12625;18.5;6.9;31.9;70.8
SIO;20100901;183;0;52;959.4;21.7;12465;14.8;2.6;26.3;70.3
SIO;20101001;116;0;58;957.7;16.7;9140;10.3;-1.4;25.3;72.8
SIO;20101101;63;0;68;952.3;36.9;4800;5.5;-6.8;19.2;76.8
SIO;20101201;43;2;64;955.9;69.3;3717;-0.6;-11.4;10.4;79.7
SIO;20110101;66;0;42;962.6;24.5;7485;0.2;-9.6;11.6;76.7
SIO;20110201;105;0;48;961.5;6.6;8514;2.9;-7.8;15.7;69.6
SIO;20110301;170;0;46;962.7;12.1;13221;7.9;-3.6;21.2;62.6
SIO;20110401;246;0;40;960.4;5;16768;14.2;1.8;27.2;53.9
SIO;20110501;270;0;50;961.7;46.1;16531;17;3.8;31.2;59.6
SIO;20110601;267;0;61;960.4;43.1;13956;18.8;7.6;34.5;63.4
SIO;20110701;265;0;63;957.3;68.8;14508;18.6;6.9;34.7;63.8
SIO;20110801;248;0;43;960;25.2;16764;21;7.6;36.8;61.6
SIO;20110901;186;0;42;962.4;39.8;13890;17.8;5.9;32.3;70.5
SIO;20111001;130;0;30;964.9;34.6;12424;10.4;-1.4;25.4;72.9
SIO;20111101;80;0;26;964.6;0.1;8783;5.2;-5.4;19.3;69.6
SIO;20111201;35;5;72;963.6;178.6;2748;1.9;-7.1;13.6;86
SIO;20120101;52;2;63;966.4;56.6;4341;1.5;-8.4;11.4;80.6
SIO;20120201;116;0;39;966.2;0;10414;-1.7;-13.8;16.3;68.8
SIO;20120301;193;0;28;967.9;5.6;15650;9.1;-3.2;23.2;54.6
SIO;20120401;201;0;75;950.1;55.9;9085;10.9;-0.6;27.2;62.6
SIO;20120501;270;0;59;959.1;46.6;15025;16.1;1.5;30.2;61.3
SIO;20120601;268;0;59;958.9;37.6;14618;20;7.9;34.3;63
SIO;20120701;277;0;49;960.1;50.3;17010;20.3;9;35.3;62.6
SIO;20120801;240;0;45;961.4;66.2;16630;21.3;9.8;36.9;64
SIO;20120901;178;0;55;960.3;50.7;12240;15.9;5.2;28.2;72.5
SIO;20121001;111;0;54;957.6;39.1;8900;11.5;-2.2;23;75.8
SIO;20121101;70;0;57;958.1;53.9;6183;6.4;-2.6;19.2;75.7
SIO;20121201;39;12;72;960.5;152.2;2618;0.6;-11.6;9.2;84
SIO;20130101;59;0;60;958.8;21.8;5202;0.9;-6.8;11.3;74.1
SIO;20130201;110;1;54;956.9;58;8297;0.4;-9.3;9.7;69.6
SIO;20130301;141;0;63;950.2;29.5;8202;5.6;-4.8;18;65.4
SIO;20130401;210;0;67;957.5;45.9;11527;11.2;-1.8;28.4;66
SIO;20130501;236;0;73;955.6;86;10084;12.8;3.4;25.2;66.2
SIO;20130601;281;0;54;961.2;19.8;14997;18.2;6.9;36.2;61.8
SIO;20130701;286;0;46;962.4;51.5;17580;21.9;10.2;37.2;64.9
SIO;20130801;256;0;41;961.5;30.8;17478;20.5;10.5;35;64.5
SIO;20130901;187;0;55;960.6;44.9;12588;16.3;6;30;72
SIO;20131001;111;0;67;961.7;66.4;8088;12.7;2.3;24;79.3
SIO;20131101;59;0;62;959.5;96.3;4457;3.8;-7.7;18.4;83.6
SIO;20131201;50;0;34;967.4;16.8;5509;0.5;-9.2;13;78.3
SIO;20140101;52;0;63;955.7;42.1;3708;2.6;-5.7;12;80.1
SIO;20140201;89;0;67;955.6;79.1;5792;4.2;-2.2;14.2;75.9
SIO;20140301;185;0;45;960;4.8;14127;8.4;-0.9;22.6;58.2
SIO;20140401;222;0;60;957.3;28.6;12944;12.8;2.3;24.7;59.5
SIO;20140501;257;0;64;959.2;34.4;12732;14.5;2.7;29.2;61.1
SIO;20140601;286;0;57;959.8;17.3;15978;20.1;8.1;36.2;56.9
SIO;20140701;220;0;71;959;105.7;10209;19.3;9.2;34;72.1
SIO;20140801;231;0;64;959.3;87.1;13006;18.4;8.2;29.4;70.6
SIO;20140901;191;0;50;961.3;15;13363;16.9;6.6;28.3;71.7
SIO;20141001;123;0;50;962.3;29.4;10596;13;1.3;25.8;77
SIO;20141101;66;0;59;956.2;45.4;5347;8.1;0;19.6;78.9
SIO;20141201;43;4;63;964.3;40.8;3491;2.7;-11.6;11.5;80.7
SIO;20150101;53;3;60;962.9;55.5;3942;1.4;-9;14.5;78.5
SIO;20150201;103;2;59;958.9;10.3;7221;1.3;-6.4;12;71.6
SIO;20150301;157;0;56;962.7;63.1;11048;7.9;-3;19;59.9
SIO;20150401;232;0;50;962.8;20.4;13741;12.2;-1.3;25.8;54.8
SIO;20150501;252;0;63;960.2;114.5;14181;15.6;3.8;30.7;62
SIO;20150601;295;0;56;961.9;34.6;16414;20.6;9.4;33.2;58
SIO;20150701;296;0;40;960.5;40;19170;24;11.3;37.8;53.3
SIO;20150801;226;0;50;960.6;73.1;14274;20.9;10.8;37.2;66.3
SIO;20150901;182;0;50;960.6;13.3;12118;14.9;3.7;26.5;66.9
SIO;20151001;119;0;56;960.9;29.3;9784;10.5;1.1;21.5;75.2
SIO;20151101;72;0;40;966.5;42.1;7263;5.9;-5.5;19.3;75.8
SIO;20151201;50;0;28;973.5;3.9;5799;2.2;-5.6;11.9;78.6
SIO;20160101;49;1;70;960.6;127.3;3733;2.3;-6.4;14.5;78.3
SIO;20160201;80;1;74;957.7;87.3;4764;4.4;-3.8;15;76.6
SIO;20160301;171;0;48;956.8;18.1;12156;6.6;-2.9;21;59.3
SIO;20160401;206;0;72;956.1;39.4;10041;11.3;0;22.8;59.9
SIO;20160501;256;0;68;957.4;75.1;13047;14.7;2.9;28.7;59.5
SIO;20160601;269;0;68;959.1;44.4;12589;18.7;9.3;34.5;64.8
SIO;20160701;288;0;47;962.2;46.6;17476;21.5;8;34.8;61.4
SIO;20160801;254;0;42;963.6;26.6;17355;21;9.4;33.6;61.6
SIO;20160901;183;0;47;962.8;14.2;12946;18.4;8.6;31.6;65.4
SIO;20161001;115;0;50;963.3;32.3;9845;10.1;0.6;22;73.3
SIO;20161101;61;0;65;960.1;75.2;4527;5.9;-3.2;17.5;77.2
SIO;20161201;54;0;19;973.1;0;6680;-0.7;-7.6;10.5;77.5
SIO;20170101;56;1;49;965.4;31.5;4867;-2.3;-12.1;12.5;77.5
SIO;20170201;106;0;49;961.8;39.3;8362;5.3;-2.7;21.4;68.8
SIO;20170301;159;0;57;961.5;61.6;11019;9.7;-1.4;23.4;64.4
SIO;20170401;244;0;40;961.5;20.8;15600;11.6;-1.7;26.2;53.2
SIO;20170501;263;0;55;960.5;43.9;14973;16.4;2.7;31.9;59.2
SIO;20170601;289;0;48;959.6;67.8;16632;21.7;7.5;36;59.1
SIO;20170701;278;0;57;960.6;50.6;15862;22.1;12.9;34.8;57.3
SIO;20170801;229;0;51;962.1;69.6;15098;21.3;10.4;36.9;63
SIO;20170901;179;0;62;960.7;10.8;11787;14.8;3.9;27.6;63.8
SIO;20171001;126;0;42;966.3;12.2;11332;11.8;1;24.2;66.7
SIO;20171101;65;0;61;961.7;43.3;5029;4.2;-4.4;17.9;74.5
SIO;20171201;43;13;62;962.6;113.9;3278;-0.6;-10.7;7;81.8
SIO;20180101;52;2;64;961.3;197;4220;3.9;-4.6;12.9;78.1
SIO;20180201;98;1;66;956.4;29.9;7085;0.8;-9.6;11;66.1
SIO;20180301;143;0;-;948.5;30.8;7892;6;-3.4;17.6;65
SIO;20180401;238;0;-;957.8;29.3;14879;14.3;0.6;28.9;50.3
SIO;20180501;253;0;-;958.2;36.8;12732;16.8;7;29.6;63.9
SIO;20180601;309;0;-;959.1;25.8;17546;21.1;10.6;33.1;57.2
SIO;20180701;302;0;-;959.5;25;19101;23.3;13;35.9;53.9
SIO;20180801;246;0;-;961.5;82.3;16345;21.8;8.3;36.2;60.9
SIO;20180901;204;0;-;964.2;20.4;15113;18.7;7;30.8;60.8
SIO;20181001;130;0;-;960.9;38.1;12008;12.4;3.1;25;68.1
SIO;20181101;70;0;-;960;7;5995;6.8;-2.4;20.7;75.6
SIO;20181201;39;1;-;966.4;110.7;3324;2.9;-6;12.2;81.7
SIO;20190101;59;0;-;960.5;25.1;5079;0;-6.3;8;69.6
SIO;20190201;122;0;-;967.4;17;10512;4.1;-4.6;20.8;64.8
SIO;20190301;169;0;-;964.1;37.4;12025;8;-2.7;21.5;57.2
SIO;20190401;221;0;-;956.3;28.2;12116;11.4;-0.6;24.1;54.5
SIO;20190501;252;0;-;957.5;51;12929;13.3;0.5;26.6;59.5
SIO;20190601;296;0;-;960.5;52.8;17320;21.2;9.4;37;57.3
SIO;20190701;290;0;-;959.2;76.1;17892;23;13;38;56
SIO;20190801;244;0;-;961.5;82.1;15867;21;11.1;34.4;65.2
SIO;20190901;190;0;-;962.7;4.9;12870;17.4;8.5;30.2;63.9
SIO;20191001;106;0;-;960.7;47.9;7607;12.9;5.2;24.9;76.3
SIO;20191101;58;0;-;951;78.2;3360;5.8;-3;15.5;81.5
SIO;20191201;39;2;-;960.6;106.8;3880;3.3;-3.7;15.3;81.2
SIO;20200101;58;0;-;969.4;24.2;6463;1.4;-6.3;13;75.2
SIO;20200201;91;1;-;964.9;78.6;6972;5.8;-3.4;18.8;66
SIO;20200301;176;0;-;959.9;64.2;12872;7.4;-1.6;20.7;63.2
SIO;20200401;248;0;-;959.5;23.1;15807;14;-0.2;25.5;51.4
SIO;20200501;273;0;-;960.9;47.4;15902;16.4;5.8;30.2;62.4
SIO;20200601;272;0;-;957.6;46.9;13530;18.6;9.9;31.8;62.8
SIO;20200701;307;0;-;961;39.7;19102;21.5;10.2;34.4;60
SIO;20200801;239;0;-;959.3;80.5;15299;20.5;8.6;36;65.8
SIO;20200901;190;0;-;961;35.2;13320;16.7;3.7;28.7;72.7
SIO;20201001;106;0;-;959;66.8;7539;9.7;-0.4;20.8;78.6
SIO;20201101;73;0;-;968.2;4.6;7183;5.4;-5.4;20.5;78.7
SIO;20201201;41;0;-;954.4;33.8;2730;1.9;-6;12.2;82.3
SIO;20210101;50;3;-;956.6;100.1;3381;0.1;-10.1;9.6;79.3
SIO;20210201;100;0;-;962.1;30.8;7399;5.4;-5.6;20.8;68.5
SIO;20210301;178;0;-;964.8;31.8;13151;7.2;-2.7;23.8;58.8
SIO;20210401;242;0;-;959.7;19.5;14761;10;-2.5;24;54.9
SIO;20210501;237;0;-;958.7;107.6;11899;12.3;1.3;26;64.2
SIO;20210601;282;0;-;961.2;42.7;15001;20.4;7.9;33.3;64.4
SIO;20210701;246;0;-;959.6;133.9;13692;19.3;9.9;29.3;72.3
SIO;20210801;256;0;-;960.6;41.4;16901;18.9;7.7;33;67.1
SIO;20210901;184;0;-;963.2;50.5;13250;17;6;29;73.3
SIO;20211001;135;0;-;963.9;17.6;12456;10;-0.1;24.3;70.9
SIO;20211101;64;0;-;959.5;15.7;5260;4.3;-6.1;16.5;78.2
SIO;20211201;43;9;-;961.3;104.1;3696;-0.9;-11.9;9.6;86.6
SIO;20220101;66;2;-;969.1;11.7;6611;-0.5;-9.1;16.8;75.8
SIO;20220201;110;0;-;965.9;25.8;8398;4.1;-5.6;15.8;64.8
SIO;20220301;182;0;-;964.3;6.5;13877;8;-5;21.4;49.1
SIO;20220401;225;0;-;956;27.5;13305;11;-1.6;24.1;60.4
SIO;20220501;284;0;-;960.9;30.5;17059;18;5;32.7;59.2
SIO;20220601;277;0;-;960.2;52.3;16052;21.2;6.3;36.4;61.4
SIO;20220701;318;0;-;962.6;29.4;21513;23.6;10.9;36.8;53.9
SIO;20220801;250;0;-;959.3;36.4;16874;22;11.7;36.2;60.8
SIO;20220901;186;0;-;958;46;11938;15.9;2.5;29.5;68.1
SIO;20221001;116;0;-;965.6;77.7;9930;13.8;6.2;23.7;78.4
SIO;20221101;66;0;-;960.4;52;5136;6.4;-2.7;17.1;79.3
SIO;20221201;42;0;-;959.3;90.3;3330;2.7;-5.9;12.4;82
